{
    "sections": [
        {
            "sections": [
                {
                    "sections": [
                        {
                            "link": {
                                "en": "getstarted/build_and_install/pip_install_en.rst"
                            }, 
                            "title": {
                                "en": "Install Using pip"
                            }
                        }, 
                        {
                            "link": {
                                "en": "getstarted/build_and_install/docker_install_en.rst"
                            }, 
                            "title": {
                                "en": "Run in Docker Containers"
                            }
                        }, 
                        {
                            "link": {
                                "en": "howto/dev/build_en.md"
                            }, 
                            "title": {
                                "en": "Build using Docker"
                            }
                        }, 
                        {
                            "link": {
                                "en": "getstarted/build_and_install/build_from_source_en.rst"
                            }, 
                            "title": {
                                "en": "Build from Sources"
                            }
                        }
                    ], 
                    "link": {
                        "en": "getstarted/build_and_install/index_en.rst"
                    }, 
                    "title": {
                        "en": "Install and Build"
                    }
                }
            ], 
            "link": {
                "en": "getstarted/index_en.rst"
            }, 
            "title": {
                "en": "GET STARTED"
            }
        }, 
        {
            "sections": [
                {
                    "sections": [
                        {
                            "link": {
                                "en": "howto/usage/cmd_parameter/use_case_en.md"
                            }, 
                            "title": {
                                "en": "Use Case"
                            }
                        }, 
                        {
                            "link": {
                                "en": "howto/usage/cmd_parameter/arguments_en.md"
                            }, 
                            "title": {
                                "en": "Argument Outline"
                            }
                        }, 
                        {
                            "link": {
                                "en": "howto/usage/cmd_parameter/detail_introduction_en.md"
                            }, 
                            "title": {
                                "en": "Detail Description"
                            }
                        }
                    ], 
                    "link": {
                        "en": "howto/usage/cmd_parameter/index_en.rst"
                    }, 
                    "title": {
                        "en": "Set Command-line Parameters"
                    }
                }, 
                {
                    "link": {
                        "en": "howto/usage/cluster/cluster_train_en.md"
                    }, 
                    "title": {
                        "en": "PaddlePaddle Distributed Training"
                    }
                }, 
                {
                    "link": {
                        "en": "howto/usage/k8s/k8s_en.md"
                    }, 
                    "title": {
                        "en": "Paddle On Kubernetes"
                    }
                }, 
                {
                    "link": {
                        "en": "howto/usage/k8s/k8s_aws_en.md"
                    }, 
                    "title": {
                        "en": "Distributed PaddlePaddle Training on AWS with Kubernetes"
                    }
                }, 
                {
                    "link": {
                        "en": "howto/dev/new_layer_en.rst"
                    }, 
                    "title": {
                        "en": "Write New Layers"
                    }
                }, 
                {
                    "link": {
                        "en": "howto/dev/contribute_to_paddle_en.md"
                    }, 
                    "title": {
                        "en": "Contribute Code"
                    }
                }, 
                {
                    "link": {
                        "en": "howto/dev/write_docs_en.rst"
                    }, 
                    "title": {
                        "en": "Contribute Documentation"
                    }
                }, 
                {
                    "sections": [
                        {
                            "link": {
                                "en": "howto/deep_model/rnn/rnn_config_en.rst"
                            }, 
                            "title": {
                                "en": "RNN Configuration"
                            }
                        }
                    ], 
                    "link": {
                        "en": "howto/deep_model/rnn/index_en.rst"
                    }, 
                    "title": {
                        "en": "RNN Models"
                    }
                }, 
                {
                    "link": {
                        "en": "howto/optimization/gpu_profiling_en.rst"
                    }, 
                    "title": {
                        "en": "Tune GPU Performance"
                    }
                }
            ], 
            "link": {
                "en": "howto/index_en.rst"
            }, 
            "title": {
                "en": "HOW TO"
            }
        }, 
        {
            "sections": [
                {
                    "link": {
                        "en": "mobile/cross_compiling_for_android_en.md"
                    }, 
                    "title": {
                        "en": "Build PaddlePaddle for Android"
                    }
                }, 
                {
                    "link": {
                        "en": "mobile/cross_compiling_for_raspberry_en.md"
                    }, 
                    "title": {
                        "en": "Build PaddlePaddle for Raspberry Pi"
                    }
                }
            ], 
            "link": {
                "en": "mobile/index_en.rst"
            }, 
            "title": {
                "en": "MOBILE"
            }
        }, 
        {
            "sections": [
                {
                    "sections": [
                        {
                            "link": {
                                "zh": "getstarted/build_and_install/pip_install_cn.rst"
                            }, 
                            "title": {
                                "zh": "\u4f7f\u7528pip\u5b89\u88c5"
                            }
                        }, 
                        {
                            "link": {
                                "zh": "getstarted/build_and_install/docker_install_cn.rst"
                            }, 
                            "title": {
                                "zh": "\u4f7f\u7528Docker\u5b89\u88c5\u8fd0\u884c"
                            }
                        }, 
                        {
                            "link": {
                                "zh": "howto/dev/build_cn.md"
                            }, 
                            "title": {
                                "zh": "\u7528Docker\u7f16\u8bd1\u548c\u6d4b\u8bd5PaddlePaddle"
                            }
                        }, 
                        {
                            "link": {
                                "zh": "getstarted/build_and_install/build_from_source_cn.rst"
                            }, 
                            "title": {
                                "zh": "\u4ece\u6e90\u7801\u7f16\u8bd1"
                            }
                        }
                    ], 
                    "link": {
                        "zh": "getstarted/build_and_install/index_cn.rst"
                    }, 
                    "title": {
                        "zh": "\u5b89\u88c5\u4e0e\u7f16\u8bd1"
                    }
                }, 
                {
                    "link": {
                        "zh": "getstarted/concepts/use_concepts_cn.rst"
                    }, 
                    "title": {
                        "zh": "\u57fa\u672c\u4f7f\u7528\u6982\u5ff5"
                    }
                }
            ], 
            "link": {
                "zh": "getstarted/index_cn.rst"
            }, 
            "title": {
                "zh": "\u65b0\u624b\u5165\u95e8"
            }
        }, 
        {
            "sections": [
                {
                    "sections": [
                        {
                            "link": {
                                "zh": "howto/usage/cmd_parameter/use_case_cn.md"
                            }, 
                            "title": {
                                "zh": "\u4f7f\u7528\u6848\u4f8b"
                            }
                        }, 
                        {
                            "link": {
                                "zh": "howto/usage/cmd_parameter/arguments_cn.md"
                            }, 
                            "title": {
                                "zh": "\u53c2\u6570\u6982\u8ff0"
                            }
                        }, 
                        {
                            "link": {
                                "zh": "howto/usage/cmd_parameter/detail_introduction_cn.md"
                            }, 
                            "title": {
                                "zh": "\u7ec6\u8282\u63cf\u8ff0"
                            }
                        }
                    ], 
                    "link": {
                        "zh": "howto/usage/cmd_parameter/index_cn.rst"
                    }, 
                    "title": {
                        "zh": "\u8bbe\u7f6e\u547d\u4ee4\u884c\u53c2\u6570"
                    }
                }, 
                {
                    "link": {
                        "zh": "howto/usage/cluster/cluster_train_cn.md"
                    }, 
                    "title": {
                        "zh": "PaddlePaddle\u5206\u5e03\u5f0f\u8bad\u7ec3"
                    }
                }, 
                {
                    "link": {
                        "zh": "howto/usage/k8s/k8s_basis_cn.md"
                    }, 
                    "title": {
                        "zh": "Kubernetes \u7b80\u4ecb"
                    }
                }, 
                {
                    "link": {
                        "zh": "howto/usage/k8s/k8s_cn.md"
                    }, 
                    "title": {
                        "zh": "Kubernetes\u5355\u673a\u8bad\u7ec3"
                    }
                }, 
                {
                    "link": {
                        "zh": "howto/usage/k8s/k8s_distributed_cn.md"
                    }, 
                    "title": {
                        "zh": "Kubernetes\u5206\u5e03\u5f0f\u8bad\u7ec3"
                    }
                }, 
                {
                    "link": {
                        "zh": "howto/dev/contribute_to_paddle_cn.md"
                    }, 
                    "title": {
                        "zh": "\u5982\u4f55\u8d21\u732e\u4ee3\u7801"
                    }
                }, 
                {
                    "link": {
                        "zh": "howto/dev/write_docs_cn.rst"
                    }, 
                    "title": {
                        "zh": "\u5982\u4f55\u8d21\u732e/\u4fee\u6539\u6587\u6863"
                    }
                }, 
                {
                    "sections": [
                        {
                            "link": {
                                "zh": "howto/deep_model/rnn/rnn_config_cn.rst"
                            }, 
                            "title": {
                                "zh": "RNN\u914d\u7f6e"
                            }
                        }, 
                        {
                            "link": {
                                "zh": "howto/deep_model/rnn/recurrent_group_cn.md"
                            }, 
                            "title": {
                                "zh": "Recurrent Group\u6559\u7a0b"
                            }
                        }, 
                        {
                            "link": {
                                "zh": "howto/deep_model/rnn/hierarchical_layer_cn.rst"
                            }, 
                            "title": {
                                "zh": "\u652f\u6301\u53cc\u5c42\u5e8f\u5217\u4f5c\u4e3a\u8f93\u5165\u7684Layer"
                            }
                        }, 
                        {
                            "link": {
                                "zh": "howto/deep_model/rnn/hrnn_rnn_api_compare_cn.rst"
                            }, 
                            "title": {
                                "zh": "\u5355\u53cc\u5c42RNN API\u5bf9\u6bd4\u4ecb\u7ecd"
                            }
                        }
                    ], 
                    "link": {
                        "zh": "howto/deep_model/rnn/index_cn.rst"
                    }, 
                    "title": {
                        "zh": "RNN\u76f8\u5173\u6a21\u578b"
                    }
                }, 
                {
                    "link": {
                        "zh": "howto/optimization/gpu_profiling_cn.rst"
                    }, 
                    "title": {
                        "zh": "GPU\u6027\u80fd\u5206\u6790\u4e0e\u8c03\u4f18"
                    }
                }
            ], 
            "link": {
                "zh": "howto/index_cn.rst"
            }, 
            "title": {
                "zh": "\u8fdb\u9636\u6307\u5357"
            }
        }, 
        {
            "sections": [
                {
                    "link": {
                        "zh": "faq/build_and_install/index_cn.rst"
                    }, 
                    "title": {
                        "zh": "\u7f16\u8bd1\u5b89\u88c5\u4e0e\u5355\u5143\u6d4b\u8bd5"
                    }
                }, 
                {
                    "link": {
                        "zh": "faq/model/index_cn.rst"
                    }, 
                    "title": {
                        "zh": "\u6a21\u578b\u914d\u7f6e"
                    }
                }, 
                {
                    "link": {
                        "zh": "faq/parameter/index_cn.rst"
                    }, 
                    "title": {
                        "zh": "\u53c2\u6570\u8bbe\u7f6e"
                    }
                }, 
                {
                    "link": {
                        "zh": "faq/local/index_cn.rst"
                    }, 
                    "title": {
                        "zh": "\u672c\u5730\u8bad\u7ec3\u4e0e\u9884\u6d4b"
                    }
                }, 
                {
                    "link": {
                        "zh": "faq/cluster/index_cn.rst"
                    }, 
                    "title": {
                        "zh": "\u96c6\u7fa4\u8bad\u7ec3\u4e0e\u9884\u6d4b"
                    }
                }
            ], 
            "link": {
                "zh": "faq/index_cn.rst"
            }, 
            "title": {
                "zh": "FAQ"
            }
        }, 
        {
            "sections": [
                {
                    "link": {
                        "zh": "mobile/cross_compiling_for_android_cn.md"
                    }, 
                    "title": {
                        "zh": "Android\u5e73\u53f0\u7f16\u8bd1\u6307\u5357"
                    }
                }, 
                {
                    "link": {
                        "zh": "mobile/cross_compiling_for_ios_cn.md"
                    }, 
                    "title": {
                        "zh": "iOS\u5e73\u53f0\u7f16\u8bd1\u6307\u5357"
                    }
                }, 
                {
                    "link": {
                        "zh": "mobile/cross_compiling_for_raspberry_cn.md"
                    }, 
                    "title": {
                        "zh": "Raspberry Pi\u5e73\u53f0\u7f16\u8bd1\u6307\u5357"
                    }
                }
            ], 
            "link": {
                "zh": "mobile/index_cn.rst"
            }, 
            "title": {
                "zh": "MOBILE"
            }
        }
    ]
}