{
    "sections": [
        {
            "sections": [
                {
                    "link": {
                        "en": "v2/config/activation.rst"
                    }, 
                    "title": {
                        "en": "Activation"
                    }
                }, 
                {
                    "link": {
                        "en": "v2/config/layer.rst"
                    }, 
                    "title": {
                        "en": "Layers"
                    }
                }, 
                {
                    "link": {
                        "en": "v2/config/evaluators.rst"
                    }, 
                    "title": {
                        "en": "Evaluators"
                    }
                }, 
                {
                    "link": {
                        "en": "v2/config/optimizer.rst"
                    }, 
                    "title": {
                        "en": "Optimizer"
                    }
                }, 
                {
                    "link": {
                        "en": "v2/config/pooling.rst"
                    }, 
                    "title": {
                        "en": "Pooling"
                    }
                }, 
                {
                    "link": {
                        "en": "v2/config/networks.rst"
                    }, 
                    "title": {
                        "en": "Networks"
                    }
                }, 
                {
                    "link": {
                        "en": "v2/config/attr.rst"
                    }, 
                    "title": {
                        "en": "Parameter Attribute"
                    }
                }
            ], 
            "title": {
                "en": "Model Configuration"
            }
        }, 
        {
            "sections": [
                {
                    "link": {
                        "en": "v2/data/data_reader.rst"
                    }, 
                    "title": {
                        "en": "Data Reader Interface"
                    }
                }, 
                {
                    "link": {
                        "en": "v2/data/image.rst"
                    }, 
                    "title": {
                        "en": "Image Interface"
                    }
                }, 
                {
                    "link": {
                        "en": "v2/data/dataset.rst"
                    }, 
                    "title": {
                        "en": "Dataset"
                    }
                }
            ], 
            "title": {
                "en": "Data Reader Interface and DataSets"
            }
        }, 
        {
            "link": {
                "en": "v2/run_logic.rst"
            }, 
            "title": {
                "en": "Training and Inference"
            }
        }, 
        {
            "sections": [
                {
                    "link": {
                        "en": "v2/fluid/layers.rst"
                    }, 
                    "title": {
                        "en": "Layers"
                    }
                }, 
                {
                    "link": {
                        "en": "v2/fluid/data_feeder.rst"
                    }, 
                    "title": {
                        "en": "DataFeeder"
                    }
                }, 
                {
                    "link": {
                        "en": "v2/fluid/executor.rst"
                    }, 
                    "title": {
                        "en": "Executor"
                    }
                }, 
                {
                    "link": {
                        "en": "v2/fluid/initializer.rst"
                    }, 
                    "title": {
                        "en": "Initializer"
                    }
                }, 
                {
                    "link": {
                        "en": "v2/fluid/evaluator.rst"
                    }, 
                    "title": {
                        "en": "Evaluator"
                    }
                }, 
                {
                    "link": {
                        "en": "v2/fluid/nets.rst"
                    }, 
                    "title": {
                        "en": "Nets"
                    }
                }, 
                {
                    "link": {
                        "en": "v2/fluid/optimizer.rst"
                    }, 
                    "title": {
                        "en": "Optimizer"
                    }
                }, 
                {
                    "link": {
                        "en": "v2/fluid/param_attr.rst"
                    }, 
                    "title": {
                        "en": "ParamAttr"
                    }
                }, 
                {
                    "link": {
                        "en": "v2/fluid/profiler.rst"
                    }, 
                    "title": {
                        "en": "Profiler"
                    }
                }, 
                {
                    "link": {
                        "en": "v2/fluid/regularizer.rst"
                    }, 
                    "title": {
                        "en": "Regularizer"
                    }
                }
            ], 
            "title": {
                "en": "Fluid"
            }
        }, 
        {
            "sections": [
                {
                    "link": {
                        "zh": "v2/config/activation.rst"
                    }, 
                    "title": {
                        "zh": "Activation"
                    }
                }, 
                {
                    "link": {
                        "zh": "v2/config/layer.rst"
                    }, 
                    "title": {
                        "zh": "Layers"
                    }
                }, 
                {
                    "link": {
                        "zh": "v2/config/evaluators.rst"
                    }, 
                    "title": {
                        "zh": "Evaluators"
                    }
                }, 
                {
                    "link": {
                        "zh": "v2/config/optimizer.rst"
                    }, 
                    "title": {
                        "zh": "Optimizer"
                    }
                }, 
                {
                    "link": {
                        "zh": "v2/config/pooling.rst"
                    }, 
                    "title": {
                        "zh": "Pooling"
                    }
                }, 
                {
                    "link": {
                        "zh": "v2/config/networks.rst"
                    }, 
                    "title": {
                        "zh": "Networks"
                    }
                }, 
                {
                    "link": {
                        "zh": "v2/config/attr.rst"
                    }, 
                    "title": {
                        "zh": "Parameter Attribute"
                    }
                }
            ], 
            "title": {
                "zh": "Model Configuration"
            }
        }, 
        {
            "sections": [
                {
                    "link": {
                        "zh": "v2/data/data_reader.rst"
                    }, 
                    "title": {
                        "zh": "Data Reader Interface"
                    }
                }, 
                {
                    "link": {
                        "zh": "v2/data/image.rst"
                    }, 
                    "title": {
                        "zh": "Image Interface"
                    }
                }, 
                {
                    "link": {
                        "zh": "v2/data/dataset.rst"
                    }, 
                    "title": {
                        "zh": "Dataset"
                    }
                }
            ], 
            "title": {
                "zh": "Data Reader Interface and DataSets"
            }
        }, 
        {
            "link": {
                "zh": "v2/run_logic.rst"
            }, 
            "title": {
                "zh": "Training and Inference"
            }
        }, 
        {
            "sections": [
                {
                    "link": {
                        "zh": "v2/fluid/layers.rst"
                    }, 
                    "title": {
                        "zh": "Layers"
                    }
                }, 
                {
                    "link": {
                        "zh": "v2/fluid/data_feeder.rst"
                    }, 
                    "title": {
                        "zh": "DataFeeder"
                    }
                }, 
                {
                    "link": {
                        "zh": "v2/fluid/executor.rst"
                    }, 
                    "title": {
                        "zh": "Executor"
                    }
                }, 
                {
                    "link": {
                        "zh": "v2/fluid/initializer.rst"
                    }, 
                    "title": {
                        "zh": "Initializer"
                    }
                }, 
                {
                    "link": {
                        "zh": "v2/fluid/evaluator.rst"
                    }, 
                    "title": {
                        "zh": "Evaluator"
                    }
                }, 
                {
                    "link": {
                        "zh": "v2/fluid/nets.rst"
                    }, 
                    "title": {
                        "zh": "Nets"
                    }
                }, 
                {
                    "link": {
                        "zh": "v2/fluid/optimizer.rst"
                    }, 
                    "title": {
                        "zh": "Optimizer"
                    }
                }, 
                {
                    "link": {
                        "zh": "v2/fluid/param_attr.rst"
                    }, 
                    "title": {
                        "zh": "ParamAttr"
                    }
                }, 
                {
                    "link": {
                        "zh": "v2/fluid/profiler.rst"
                    }, 
                    "title": {
                        "zh": "Profiler"
                    }
                }, 
                {
                    "link": {
                        "zh": "v2/fluid/regularizer.rst"
                    }, 
                    "title": {
                        "zh": "Regularizer"
                    }
                }
            ], 
            "title": {
                "zh": "Fluid"
            }
        }
    ]
}