{
    "sections": [
        {
            "sections": [
                {
                    "link": {
                        "en": "getstarted/quickstart_en.rst"
                    }, 
                    "title": {
                        "en": "Quick Start"
                    }
                }, 
                {
                    "link": {
                        "en": "getstarted/concepts/index_en.rst"
                    }, 
                    "title": {
                        "en": "Concepts"
                    }
                }
            ], 
            "link": {
                "en": "getstarted/index_en.rst"
            }, 
            "title": {
                "en": "GET STARTED"
            }
        }, 
        {
            "sections": [
                {
                    "link": {
                        "en": "build_and_install/pip_install_en.rst"
                    }, 
                    "title": {
                        "en": "Install using pip"
                    }
                }, 
                {
                    "link": {
                        "en": "build_and_install/docker_install_en.rst"
                    }, 
                    "title": {
                        "en": "Run in Docker Containers"
                    }
                }, 
                {
                    "link": {
                        "en": "build_and_install/build_from_source_en.rst"
                    }, 
                    "title": {
                        "en": "Build from Sources"
                    }
                }
            ], 
            "link": {
                "en": "build_and_install/index_en.rst"
            }, 
            "title": {
                "en": "install and Compile"
            }
        }, 
        {
            "sections": [
                {
                    "sections": [
                        {
                            "link": {
                                "en": "design/motivation/api.md"
                            }, 
                            "title": {
                                "en": "PaddlePaddle Design Doc"
                            }
                        }, 
                        {
                            "link": {
                                "en": "design/motivation/refactorization.md"
                            }, 
                            "title": {
                                "en": "Design Doc: Refactorization Overview"
                            }
                        }, 
                        {
                            "link": {
                                "en": "design/motivation/fluid.md"
                            }, 
                            "title": {
                                "en": "Design Doc: PaddlePaddle Fluid"
                            }
                        }, 
                        {
                            "link": {
                                "en": "design/motivation/fluid_compiler.md"
                            }, 
                            "title": {
                                "en": "PaddlePaddle Fluid: Towards a Compiled Programming Language"
                            }
                        }
                    ], 
                    "link": {
                        "en": "design/motivation/index_en.rst"
                    }, 
                    "title": {
                        "en": "Design Motivations and Goals"
                    }
                }, 
                {
                    "sections": [
                        {
                            "link": {
                                "en": "design/execution/switch.md"
                            }, 
                            "title": {
                                "en": "Design Doc: Switch"
                            }
                        }, 
                        {
                            "link": {
                                "en": "design/execution/if_else_op.md"
                            }, 
                            "title": {
                                "en": "The IfElse Operator"
                            }
                        }
                    ], 
                    "link": {
                        "en": "design/execution/index_en.rst"
                    }, 
                    "title": {
                        "en": "Execution Process"
                    }
                }, 
                {
                    "sections": [
                        {
                            "link": {
                                "en": "design/concepts/README.md"
                            }, 
                            "title": {
                                "en": "Required CMake Function"
                            }
                        }, 
                        {
                            "link": {
                                "en": "design/concepts/cpp_data_feeding.md"
                            }, 
                            "title": {
                                "en": "C++ Data Feeding"
                            }
                        }, 
                        {
                            "link": {
                                "en": "design/concepts/functions_operators_layers.md"
                            }, 
                            "title": {
                                "en": "Design Doc: Functions, Operators, and Layers"
                            }
                        }, 
                        {
                            "link": {
                                "en": "design/concepts/program.md"
                            }, 
                            "title": {
                                "en": "Design Doc: PaddlePaddle Programs"
                            }
                        }, 
                        {
                            "link": {
                                "en": "design/concepts/variable.md"
                            }, 
                            "title": {
                                "en": "Design Doc: Variable"
                            }
                        }, 
                        {
                            "link": {
                                "en": "design/concepts/var_desc.md"
                            }, 
                            "title": {
                                "en": "Design Doc: Var_desc"
                            }
                        }, 
                        {
                            "link": {
                                "en": "design/concepts/tensor.md"
                            }, 
                            "title": {
                                "en": "Tensor: An Unified Data Type in PaddlePaddle"
                            }
                        }, 
                        {
                            "link": {
                                "en": "design/concepts/tensor_array.md"
                            }, 
                            "title": {
                                "en": "Design for TensorArray"
                            }
                        }, 
                        {
                            "link": {
                                "en": "design/concepts/lod_tensor.md"
                            }, 
                            "title": {
                                "en": "Design Doc: LoD (Level-of-Detail) Tensor"
                            }
                        }, 
                        {
                            "link": {
                                "en": "design/concepts/block.md"
                            }, 
                            "title": {
                                "en": "Design Doc: Block and Scope"
                            }
                        }, 
                        {
                            "link": {
                                "en": "design/concepts/scope.md"
                            }, 
                            "title": {
                                "en": "Design of Scope in Paddle"
                            }
                        }, 
                        {
                            "link": {
                                "en": "design/concepts/executor.md"
                            }, 
                            "title": {
                                "en": "Executor Design Doc"
                            }
                        }, 
                        {
                            "link": {
                                "en": "design/concepts/parallel_executor.md"
                            }, 
                            "title": {
                                "en": "ParallelExecutor"
                            }
                        }
                    ], 
                    "link": {
                        "en": "design/concepts/index_en.rst"
                    }, 
                    "title": {
                        "en": "Core Concepts"
                    }
                }, 
                {
                    "sections": [
                        {
                            "link": {
                                "en": "design/data_type/float16.md"
                            }, 
                            "title": {
                                "en": "Design Doc: float16"
                            }
                        }
                    ], 
                    "link": {
                        "en": "design/data_type/index_en.rst"
                    }, 
                    "title": {
                        "en": "Data Type"
                    }
                }, 
                {
                    "sections": [
                        {
                            "link": {
                                "en": "design/memory/memory_optimization.md"
                            }, 
                            "title": {
                                "en": "Memory Optimization"
                            }
                        }
                    ], 
                    "link": {
                        "en": "design/memory/index_en.rst"
                    }, 
                    "title": {
                        "en": "Memory Management"
                    }
                }, 
                {
                    "sections": [
                        {
                            "link": {
                                "en": "design/multi_devices/operator_kernel_type.md"
                            }, 
                            "title": {
                                "en": "Design Doc: The Keys of Operator Kernel Type"
                            }
                        }, 
                        {
                            "link": {
                                "en": "design/multi_devices/kernel_selection.md"
                            }, 
                            "title": {
                                "en": "Kernel Selection"
                            }
                        }, 
                        {
                            "link": {
                                "en": "design/multi_devices/kernel_hint_design.md"
                            }, 
                            "title": {
                                "en": "Kernel Hint Design"
                            }
                        }
                    ], 
                    "link": {
                        "en": "design/multi_devices/index_en.rst"
                    }, 
                    "title": {
                        "en": "Multi-Device Support"
                    }
                }, 
                {
                    "sections": [
                        {
                            "link": {
                                "en": "design/dynamic_rnn/rnn.md"
                            }, 
                            "title": {
                                "en": "RNNOp design"
                            }
                        }, 
                        {
                            "link": {
                                "en": "design/dynamic_rnn/rnn_design.md"
                            }, 
                            "title": {
                                "en": "RNN \u53d8\u957f\u8f93\u5165\u8bbe\u8ba1"
                            }
                        }
                    ], 
                    "link": {
                        "en": "design/dynamic_rnn/index_en.rst"
                    }, 
                    "title": {
                        "en": "Dynamic RNN"
                    }
                }, 
                {
                    "sections": [
                        {
                            "link": {
                                "en": "design/concurrent/concurrent_programming.md"
                            }, 
                            "title": {
                                "en": "Design Doc: Concurrent Programming with Fluid"
                            }
                        }, 
                        {
                            "link": {
                                "en": "design/concurrent/parallel_do.md"
                            }, 
                            "title": {
                                "en": "Design Doc: Parallel_Do in PaddlePaddle"
                            }
                        }
                    ], 
                    "link": {
                        "en": "design/concurrent/index_en.rst"
                    }, 
                    "title": {
                        "en": "Concurrent Programming"
                    }
                }, 
                {
                    "sections": [
                        {
                            "link": {
                                "en": "design/algorithm/parameter_average.md"
                            }, 
                            "title": {
                                "en": "Averaging Parameter in PaddlePaddle"
                            }
                        }
                    ], 
                    "link": {
                        "en": "design/algorithm/index_en.rst"
                    }, 
                    "title": {
                        "en": "Gradient Update Algorithm"
                    }
                }, 
                {
                    "sections": [
                        {
                            "link": {
                                "en": "design/network/sequence_decoder.md"
                            }, 
                            "title": {
                                "en": "Design: Sequence Decoder Generating LoDTensors"
                            }
                        }
                    ], 
                    "link": {
                        "en": "design/network/index_en.rst"
                    }, 
                    "title": {
                        "en": "Complex Network Design"
                    }
                }, 
                {
                    "sections": [
                        {
                            "link": {
                                "en": "design/modules/backward.md"
                            }, 
                            "title": {
                                "en": "Backward Building"
                            }
                        }, 
                        {
                            "link": {
                                "en": "design/modules/python_api.md"
                            }, 
                            "title": {
                                "en": "Design Doc: Python API"
                            }
                        }, 
                        {
                            "link": {
                                "en": "design/modules/regularization.md"
                            }, 
                            "title": {
                                "en": "Regularization in PaddlePaddle"
                            }
                        }, 
                        {
                            "link": {
                                "en": "design/modules/infer_var_type.md"
                            }, 
                            "title": {
                                "en": "Design Doc: InferVarType"
                            }
                        }, 
                        {
                            "link": {
                                "en": "design/modules/optimizer.md"
                            }, 
                            "title": {
                                "en": "Optimizer Design"
                            }
                        }, 
                        {
                            "link": {
                                "en": "design/modules/prune.md"
                            }, 
                            "title": {
                                "en": "Prune"
                            }
                        }, 
                        {
                            "link": {
                                "en": "design/modules/register_grad_op.md"
                            }, 
                            "title": {
                                "en": "Design Doc: Gradient Operators Registration"
                            }
                        }, 
                        {
                            "link": {
                                "en": "design/modules/net_op_design.md"
                            }, 
                            "title": {
                                "en": "Network Design"
                            }
                        }
                    ], 
                    "link": {
                        "en": "design/modules/index_en.rst"
                    }, 
                    "title": {
                        "en": "Code Structure and Important Modules"
                    }
                }, 
                {
                    "link": {
                        "en": "design/interface/index_en.rst"
                    }, 
                    "title": {
                        "en": "Multi-Language Interface"
                    }
                }, 
                {
                    "sections": [
                        {
                            "link": {
                                "en": "design/dist_train/distributed_architecture.md"
                            }, 
                            "title": {
                                "en": "Design Doc: Fluid Distributed Training Architecture"
                            }
                        }, 
                        {
                            "link": {
                                "en": "design/dist_train/distributed_lookup_table_design.md"
                            }, 
                            "title": {
                                "en": "Design Doc: Distributed Lookup Table Operator"
                            }
                        }, 
                        {
                            "link": {
                                "en": "design/dist_train/parameter_server.md"
                            }, 
                            "title": {
                                "en": "Design Doc: Parameter Server"
                            }
                        }
                    ], 
                    "link": {
                        "en": "design/dist_train/index_en.rst"
                    }, 
                    "title": {
                        "en": "Distributed Training"
                    }
                }
            ], 
            "link": {
                "en": "design/index_en.rst"
            }, 
            "title": {
                "en": "Design"
            }
        }, 
        {
            "sections": [
                {
                    "sections": [
                        {
                            "link": {
                                "en": "howto/optimization/timeline.md"
                            }, 
                            "title": {
                                "en": "how to use timeline tool to do profile"
                            }
                        }, 
                        {
                            "link": {
                                "en": "howto/optimization/cpu_profiling_en.md"
                            }, 
                            "title": {
                                "en": "Tune CPU performance"
                            }
                        }, 
                        {
                            "link": {
                                "en": "howto/optimization/benchmark/index_en.rst"
                            }, 
                            "title": {
                                "en": "Benchmark"
                            }
                        }
                    ], 
                    "link": {
                        "en": "howto/optimization/index_en.rst"
                    }, 
                    "title": {
                        "en": "Performance Optimization"
                    }
                }, 
                {
                    "link": {
                        "en": "howto/inference/inference_support_in_fluid.md"
                    }, 
                    "title": {
                        "en": "Fluid Inference\u4f7f\u7528\u6307\u5357"
                    }
                }
            ], 
            "link": {
                "en": "howto/index_en.rst"
            }, 
            "title": {
                "en": "HOW TO"
            }
        }, 
        {
            "sections": [
                {
                    "link": {
                        "en": "dev/contribute_to_paddle_en.md"
                    }, 
                    "title": {
                        "en": "Contribute Code"
                    }
                }, 
                {
                    "link": {
                        "en": "dev/write_docs_en.rst"
                    }, 
                    "title": {
                        "en": "Contribute Documentation"
                    }
                }, 
                {
                    "link": {
                        "en": "dev/api_doc_std_en.md"
                    }, 
                    "title": {
                        "en": "API Doc Standard"
                    }
                }, 
                {
                    "link": {
                        "en": "dev/new_op_en.md"
                    }, 
                    "title": {
                        "en": "How to write a new operator"
                    }
                }, 
                {
                    "link": {
                        "en": "dev/new_op_kernel.md"
                    }, 
                    "title": {
                        "en": "Add Kernels for a New Device"
                    }
                }, 
                {
                    "link": {
                        "en": "dev/use_eigen_en.md"
                    }, 
                    "title": {
                        "en": "How to use Eigen in Paddle"
                    }
                }, 
                {
                    "link": {
                        "en": "dev/name_convention.md"
                    }, 
                    "title": {
                        "en": "Operator\u2019s Parameter Name Convention"
                    }
                }, 
                {
                    "link": {
                        "en": "dev/support_new_device.md"
                    }, 
                    "title": {
                        "en": "Design Doc: Supporting new Device/Library"
                    }
                }, 
                {
                    "link": {
                        "en": "dev/releasing_process_en.md"
                    }, 
                    "title": {
                        "en": "PaddlePaddle Releasing Process"
                    }
                }, 
                {
                    "link": {
                        "en": "dev/op_markdown_format.md"
                    }, 
                    "title": {
                        "en": "Standard Markdown Format for Operators"
                    }
                }
            ], 
            "link": {
                "en": "dev/index_en.rst"
            }, 
            "title": {
                "en": "Development"
            }
        }, 
        {
            "link": {
                "en": "faq/index_en.rst"
            }, 
            "title": {
                "en": "FAQ"
            }
        }, 
        {
            "sections": [
                {
                    "link": {
                        "zh": "getstarted/quickstart_cn.rst"
                    }, 
                    "title": {
                        "zh": "\u5feb\u901f\u5f00\u59cb"
                    }
                }
            ], 
            "link": {
                "zh": "getstarted/index_cn.rst"
            }, 
            "title": {
                "zh": "\u65b0\u624b\u5165\u95e8"
            }
        }, 
        {
            "sections": [
                {
                    "link": {
                        "zh": "build_and_install/pip_install_cn.rst"
                    }, 
                    "title": {
                        "zh": "\u4f7f\u7528pip\u5b89\u88c5"
                    }
                }, 
                {
                    "link": {
                        "zh": "build_and_install/docker_install_cn.rst"
                    }, 
                    "title": {
                        "zh": "\u4f7f\u7528Docker\u5b89\u88c5\u8fd0\u884c"
                    }
                }, 
                {
                    "link": {
                        "zh": "build_and_install/build_from_source_cn.rst"
                    }, 
                    "title": {
                        "zh": "\u4ece\u6e90\u7801\u7f16\u8bd1"
                    }
                }
            ], 
            "link": {
                "zh": "build_and_install/index_cn.rst"
            }, 
            "title": {
                "zh": "\u5b89\u88c5\u4e0e\u7f16\u8bd1"
            }
        }, 
        {
            "sections": [
                {
                    "sections": [
                        {
                            "link": {
                                "zh": "design/motivation/api.md"
                            }, 
                            "title": {
                                "zh": "PaddlePaddle Design Doc"
                            }
                        }, 
                        {
                            "link": {
                                "zh": "design/motivation/refactorization.md"
                            }, 
                            "title": {
                                "zh": "Design Doc: Refactorization Overview"
                            }
                        }, 
                        {
                            "link": {
                                "zh": "design/motivation/fluid.md"
                            }, 
                            "title": {
                                "zh": "Design Doc: PaddlePaddle Fluid"
                            }
                        }, 
                        {
                            "link": {
                                "zh": "design/motivation/fluid_compiler.md"
                            }, 
                            "title": {
                                "zh": "PaddlePaddle Fluid: Towards a Compiled Programming Language"
                            }
                        }
                    ], 
                    "link": {
                        "zh": "design/motivation/index_cn.rst"
                    }, 
                    "title": {
                        "zh": "\u8bbe\u8ba1\u52a8\u673a\u548c\u76ee\u6807"
                    }
                }, 
                {
                    "sections": [
                        {
                            "link": {
                                "zh": "design/execution/switch.md"
                            }, 
                            "title": {
                                "zh": "Design Doc: Switch"
                            }
                        }, 
                        {
                            "link": {
                                "zh": "design/execution/if_else_op.md"
                            }, 
                            "title": {
                                "zh": "The IfElse Operator"
                            }
                        }
                    ], 
                    "link": {
                        "zh": "design/execution/index_cn.rst"
                    }, 
                    "title": {
                        "zh": "\u6267\u884c\u6d41\u7a0b"
                    }
                }, 
                {
                    "sections": [
                        {
                            "link": {
                                "zh": "design/concepts/README.md"
                            }, 
                            "title": {
                                "zh": "Required CMake Function"
                            }
                        }, 
                        {
                            "link": {
                                "zh": "design/concepts/cpp_data_feeding.md"
                            }, 
                            "title": {
                                "zh": "C++ Data Feeding"
                            }
                        }, 
                        {
                            "link": {
                                "zh": "design/concepts/functions_operators_layers.md"
                            }, 
                            "title": {
                                "zh": "Design Doc: Functions, Operators, and Layers"
                            }
                        }, 
                        {
                            "link": {
                                "zh": "design/concepts/program.md"
                            }, 
                            "title": {
                                "zh": "Design Doc: PaddlePaddle Programs"
                            }
                        }, 
                        {
                            "link": {
                                "zh": "design/concepts/variable.md"
                            }, 
                            "title": {
                                "zh": "Design Doc: Variable"
                            }
                        }, 
                        {
                            "link": {
                                "zh": "design/concepts/var_desc.md"
                            }, 
                            "title": {
                                "zh": "Design Doc: Var_desc"
                            }
                        }, 
                        {
                            "link": {
                                "zh": "design/concepts/tensor.md"
                            }, 
                            "title": {
                                "zh": "Tensor: An Unified Data Type in PaddlePaddle"
                            }
                        }, 
                        {
                            "link": {
                                "zh": "design/concepts/tensor_array.md"
                            }, 
                            "title": {
                                "zh": "Design for TensorArray"
                            }
                        }, 
                        {
                            "link": {
                                "zh": "design/concepts/lod_tensor.md"
                            }, 
                            "title": {
                                "zh": "Design Doc: LoD (Level-of-Detail) Tensor"
                            }
                        }, 
                        {
                            "link": {
                                "zh": "design/concepts/block.md"
                            }, 
                            "title": {
                                "zh": "Design Doc: Block and Scope"
                            }
                        }, 
                        {
                            "link": {
                                "zh": "design/concepts/scope.md"
                            }, 
                            "title": {
                                "zh": "Design of Scope in Paddle"
                            }
                        }, 
                        {
                            "link": {
                                "zh": "design/concepts/executor.md"
                            }, 
                            "title": {
                                "zh": "Executor Design Doc"
                            }
                        }, 
                        {
                            "link": {
                                "zh": "design/concepts/parallel_executor.md"
                            }, 
                            "title": {
                                "zh": "ParallelExecutor"
                            }
                        }
                    ], 
                    "link": {
                        "zh": "design/concepts/index_cn.rst"
                    }, 
                    "title": {
                        "zh": "\u6838\u5fc3\u6982\u5ff5"
                    }
                }, 
                {
                    "sections": [
                        {
                            "link": {
                                "zh": "design/data_type/float16.md"
                            }, 
                            "title": {
                                "zh": "Design Doc: float16"
                            }
                        }
                    ], 
                    "link": {
                        "zh": "design/data_type/index_cn.rst"
                    }, 
                    "title": {
                        "zh": "\u6570\u636e\u7c7b\u578b"
                    }
                }, 
                {
                    "sections": [
                        {
                            "link": {
                                "zh": "design/memory/memory_optimization.md"
                            }, 
                            "title": {
                                "zh": "Memory Optimization"
                            }
                        }
                    ], 
                    "link": {
                        "zh": "design/memory/index_cn.rst"
                    }, 
                    "title": {
                        "zh": "\u5185\u5b58\u7ba1\u7406"
                    }
                }, 
                {
                    "sections": [
                        {
                            "link": {
                                "zh": "design/multi_devices/operator_kernel_type.md"
                            }, 
                            "title": {
                                "zh": "Design Doc: The Keys of Operator Kernel Type"
                            }
                        }, 
                        {
                            "link": {
                                "zh": "design/multi_devices/kernel_selection.md"
                            }, 
                            "title": {
                                "zh": "Kernel Selection"
                            }
                        }, 
                        {
                            "link": {
                                "zh": "design/multi_devices/kernel_hint_design.md"
                            }, 
                            "title": {
                                "zh": "Kernel Hint Design"
                            }
                        }
                    ], 
                    "link": {
                        "zh": "design/multi_devices/index_cn.rst"
                    }, 
                    "title": {
                        "zh": "\u591a\u8bbe\u5907\u652f\u6301"
                    }
                }, 
                {
                    "sections": [
                        {
                            "link": {
                                "zh": "design/dynamic_rnn/rnn.md"
                            }, 
                            "title": {
                                "zh": "RNNOp design"
                            }
                        }, 
                        {
                            "link": {
                                "zh": "design/dynamic_rnn/rnn_design.md"
                            }, 
                            "title": {
                                "zh": "RNN \u53d8\u957f\u8f93\u5165\u8bbe\u8ba1"
                            }
                        }
                    ], 
                    "link": {
                        "zh": "design/dynamic_rnn/index_cn.rst"
                    }, 
                    "title": {
                        "zh": "\u52a8\u6001RNN"
                    }
                }, 
                {
                    "sections": [
                        {
                            "link": {
                                "zh": "design/concurrent/concurrent_programming.md"
                            }, 
                            "title": {
                                "zh": "Design Doc: Concurrent Programming with Fluid"
                            }
                        }, 
                        {
                            "link": {
                                "zh": "design/concurrent/parallel_do.md"
                            }, 
                            "title": {
                                "zh": "Design Doc: Parallel_Do in PaddlePaddle"
                            }
                        }
                    ], 
                    "link": {
                        "zh": "design/concurrent/index_cn.rst"
                    }, 
                    "title": {
                        "zh": "\u5e76\u53d1\u7f16\u7a0b"
                    }
                }, 
                {
                    "sections": [
                        {
                            "link": {
                                "zh": "design/algorithm/parameter_average.md"
                            }, 
                            "title": {
                                "zh": "Averaging Parameter in PaddlePaddle"
                            }
                        }
                    ], 
                    "link": {
                        "zh": "design/algorithm/index_cn.rst"
                    }, 
                    "title": {
                        "zh": "\u68af\u5ea6\u66f4\u65b0\u7b97\u6cd5"
                    }
                }, 
                {
                    "sections": [
                        {
                            "link": {
                                "zh": "design/network/sequence_decoder.md"
                            }, 
                            "title": {
                                "zh": "Design: Sequence Decoder Generating LoDTensors"
                            }
                        }
                    ], 
                    "link": {
                        "zh": "design/network/index_cn.rst"
                    }, 
                    "title": {
                        "zh": "\u590d\u6742\u7f51\u7edc\u8bbe\u8ba1"
                    }
                }, 
                {
                    "sections": [
                        {
                            "link": {
                                "zh": "design/modules/backward.md"
                            }, 
                            "title": {
                                "zh": "Backward Building"
                            }
                        }, 
                        {
                            "link": {
                                "zh": "design/modules/python_api.md"
                            }, 
                            "title": {
                                "zh": "Design Doc: Python API"
                            }
                        }, 
                        {
                            "link": {
                                "zh": "design/modules/regularization.md"
                            }, 
                            "title": {
                                "zh": "Regularization in PaddlePaddle"
                            }
                        }, 
                        {
                            "link": {
                                "zh": "design/modules/infer_var_type.md"
                            }, 
                            "title": {
                                "zh": "Design Doc: InferVarType"
                            }
                        }, 
                        {
                            "link": {
                                "zh": "design/modules/optimizer.md"
                            }, 
                            "title": {
                                "zh": "Optimizer Design"
                            }
                        }, 
                        {
                            "link": {
                                "zh": "design/modules/prune.md"
                            }, 
                            "title": {
                                "zh": "Prune"
                            }
                        }, 
                        {
                            "link": {
                                "zh": "design/modules/register_grad_op.md"
                            }, 
                            "title": {
                                "zh": "Design Doc: Gradient Operators Registration"
                            }
                        }, 
                        {
                            "link": {
                                "zh": "design/modules/net_op_design.md"
                            }, 
                            "title": {
                                "zh": "Network Design"
                            }
                        }
                    ], 
                    "link": {
                        "zh": "design/modules/index_cn.rst"
                    }, 
                    "title": {
                        "zh": "\u4ee3\u7801\u7ed3\u6784\u548c\u91cd\u8981\u6a21\u5757"
                    }
                }, 
                {
                    "link": {
                        "zh": "design/interface/index_cn.rst"
                    }, 
                    "title": {
                        "zh": "\u591a\u8bed\u8a00\u63a5\u53e3"
                    }
                }, 
                {
                    "sections": [
                        {
                            "link": {
                                "zh": "design/dist_train/distributed_architecture.md"
                            }, 
                            "title": {
                                "zh": "Design Doc: Fluid Distributed Training Architecture"
                            }
                        }, 
                        {
                            "link": {
                                "zh": "design/dist_train/distributed_lookup_table_design.md"
                            }, 
                            "title": {
                                "zh": "Design Doc: Distributed Lookup Table Operator"
                            }
                        }, 
                        {
                            "link": {
                                "zh": "design/dist_train/parameter_server.md"
                            }, 
                            "title": {
                                "zh": "Design Doc: Parameter Server"
                            }
                        }
                    ], 
                    "link": {
                        "zh": "design/dist_train/index_cn.rst"
                    }, 
                    "title": {
                        "zh": "\u5206\u5e03\u5f0f\u8bad\u7ec3"
                    }
                }
            ], 
            "link": {
                "zh": "design/index_cn.rst"
            }, 
            "title": {
                "zh": "\u8bbe\u8ba1\u601d\u60f3"
            }
        }, 
        {
            "sections": [
                {
                    "sections": [
                        {
                            "link": {
                                "zh": "howto/optimization/timeline.md"
                            }, 
                            "title": {
                                "zh": "how to use timeline tool to do profile"
                            }
                        }, 
                        {
                            "link": {
                                "zh": "howto/optimization/cpu_profiling_cn.md"
                            }, 
                            "title": {
                                "zh": "CPU\u6027\u80fd\u8c03\u4f18"
                            }
                        }, 
                        {
                            "link": {
                                "zh": "howto/optimization/benchmark/index_cn.rst"
                            }, 
                            "title": {
                                "zh": "\u57fa\u51c6"
                            }
                        }
                    ], 
                    "link": {
                        "zh": "howto/optimization/index_cn.rst"
                    }, 
                    "title": {
                        "zh": "\u6027\u80fd\u4f18\u5316"
                    }
                }, 
                {
                    "link": {
                        "zh": "howto/inference/inference_support_in_fluid.md"
                    }, 
                    "title": {
                        "zh": "Fluid Inference\u4f7f\u7528\u6307\u5357"
                    }
                }
            ], 
            "link": {
                "zh": "howto/index_cn.rst"
            }, 
            "title": {
                "zh": "\u8fdb\u9636\u4f7f\u7528"
            }
        }, 
        {
            "sections": [
                {
                    "link": {
                        "zh": "dev/contribute_to_paddle_cn.md"
                    }, 
                    "title": {
                        "zh": "\u5982\u4f55\u8d21\u732e\u4ee3\u7801"
                    }
                }, 
                {
                    "link": {
                        "zh": "dev/write_docs_cn.rst"
                    }, 
                    "title": {
                        "zh": "\u5982\u4f55\u8d21\u732e\u6587\u6863"
                    }
                }, 
                {
                    "link": {
                        "zh": "dev/api_doc_std_cn.md"
                    }, 
                    "title": {
                        "zh": "API\u6ce8\u91ca\u64b0\u5199\u6807\u51c6"
                    }
                }, 
                {
                    "link": {
                        "zh": "dev/new_op_cn.md"
                    }, 
                    "title": {
                        "zh": "\u5982\u4f55\u5199\u65b0\u7684Operator"
                    }
                }, 
                {
                    "link": {
                        "zh": "dev/new_op_kernel.md"
                    }, 
                    "title": {
                        "zh": "Add Kernels for a New Device"
                    }
                }, 
                {
                    "link": {
                        "zh": "dev/use_eigen_cn.md"
                    }, 
                    "title": {
                        "zh": "\u5728Paddle\u4e2d\u5982\u4f55\u4f7f\u7528Eigen"
                    }
                }, 
                {
                    "link": {
                        "zh": "dev/name_convention.md"
                    }, 
                    "title": {
                        "zh": "Operator\u2019s Parameter Name Convention"
                    }
                }, 
                {
                    "link": {
                        "zh": "dev/support_new_device.md"
                    }, 
                    "title": {
                        "zh": "Design Doc: Supporting new Device/Library"
                    }
                }, 
                {
                    "link": {
                        "zh": "dev/releasing_process_cn.md"
                    }, 
                    "title": {
                        "zh": "PaddlePaddle\u53d1\u884c\u89c4\u8303"
                    }
                }, 
                {
                    "link": {
                        "zh": "dev/op_markdown_format.md"
                    }, 
                    "title": {
                        "zh": "Standard Markdown Format for Operators"
                    }
                }
            ], 
            "link": {
                "zh": "dev/index_cn.rst"
            }, 
            "title": {
                "zh": "\u5f00\u53d1\u6807\u51c6"
            }
        }, 
        {
            "link": {
                "zh": "faq/index_cn.rst"
            }, 
            "title": {
                "zh": "FAQ"
            }
        }
    ]
}