{
    "sections": [
        {
            "sections": [
                {
                    "link": {
                        "en": "v2/config/activation.rst"
                    }, 
                    "title": {
                        "en": "Activation"
                    }
                }, 
                {
                    "link": {
                        "en": "v2/config/layer.rst"
                    }, 
                    "title": {
                        "en": "Layers"
                    }
                }, 
                {
                    "link": {
                        "en": "v2/config/optimizer.rst"
                    }, 
                    "title": {
                        "en": "Optimizer"
                    }
                }, 
                {
                    "link": {
                        "en": "v2/config/pooling.rst"
                    }, 
                    "title": {
                        "en": "Pooling"
                    }
                }, 
                {
                    "link": {
                        "en": "v2/config/networks.rst"
                    }, 
                    "title": {
                        "en": "Networks"
                    }
                }, 
                {
                    "link": {
                        "en": "v2/config/attr.rst"
                    }, 
                    "title": {
                        "en": "Parameter Attribute"
                    }
                }
            ], 
            "title": {
                "en": "Model Configuration"
            }
        }, 
        {
            "link": {
                "en": "v2/data.rst"
            }, 
            "title": {
                "en": "Data Reader Interface and DataSets"
            }
        }, 
        {
            "link": {
                "en": "v2/run_logic.rst"
            }, 
            "title": {
                "en": "Training and Inference"
            }
        }, 
        {
            "sections": [
                {
                    "link": {
                        "zh": "v2/config/activation.rst"
                    }, 
                    "title": {
                        "zh": "Activation"
                    }
                }, 
                {
                    "link": {
                        "zh": "v2/config/layer.rst"
                    }, 
                    "title": {
                        "zh": "Layers"
                    }
                }, 
                {
                    "link": {
                        "zh": "v2/config/optimizer.rst"
                    }, 
                    "title": {
                        "zh": "Optimizer"
                    }
                }, 
                {
                    "link": {
                        "zh": "v2/config/pooling.rst"
                    }, 
                    "title": {
                        "zh": "Pooling"
                    }
                }, 
                {
                    "link": {
                        "zh": "v2/config/networks.rst"
                    }, 
                    "title": {
                        "zh": "Networks"
                    }
                }, 
                {
                    "link": {
                        "zh": "v2/config/attr.rst"
                    }, 
                    "title": {
                        "zh": "Parameter Attribute"
                    }
                }
            ], 
            "title": {
                "zh": "Model Configuration"
            }
        }, 
        {
            "link": {
                "zh": "v2/data.rst"
            }, 
            "title": {
                "zh": "Data Reader Interface and DataSets"
            }
        }, 
        {
            "link": {
                "zh": "v2/run_logic.rst"
            }, 
            "title": {
                "zh": "Training and Inference"
            }
        }
    ]
}