{
    "sections": [
        {
            "link": {
                "en": "layers.rst"
            }, 
            "title": {
                "en": "layers"
            }
        }, 
        {
            "link": {
                "en": "data_feeder.rst"
            }, 
            "title": {
                "en": "data_feeder"
            }
        }, 
        {
            "link": {
                "en": "executor.rst"
            }, 
            "title": {
                "en": "executor"
            }
        }, 
        {
            "link": {
                "en": "initializer.rst"
            }, 
            "title": {
                "en": "initializer"
            }
        }, 
        {
            "link": {
                "en": "metrics.rst"
            }, 
            "title": {
                "en": "metrics"
            }
        }, 
        {
            "link": {
                "en": "nets.rst"
            }, 
            "title": {
                "en": "nets"
            }
        }, 
        {
            "link": {
                "en": "clip.rst"
            }, 
            "title": {
                "en": "clip"
            }
        }, 
        {
            "link": {
                "en": "optimizer.rst"
            }, 
            "title": {
                "en": "optimizer"
            }
        }, 
        {
            "link": {
                "en": "param_attr.rst"
            }, 
            "title": {
                "en": "param_attr"
            }
        }, 
        {
            "link": {
                "en": "profiler.rst"
            }, 
            "title": {
                "en": "profiler"
            }
        }, 
        {
            "link": {
                "en": "regularizer.rst"
            }, 
            "title": {
                "en": "regularizer"
            }
        }, 
        {
            "link": {
                "en": "io.rst"
            }, 
            "title": {
                "en": "io"
            }
        }, 
        {
            "sections": [
                {
                    "link": {
                        "en": "data/data_reader.rst"
                    }, 
                    "title": {
                        "en": "Data Reader Interface"
                    }
                }, 
                {
                    "link": {
                        "en": "data/image.rst"
                    }, 
                    "title": {
                        "en": "Image Interface"
                    }
                }, 
                {
                    "link": {
                        "en": "data/dataset.rst"
                    }, 
                    "title": {
                        "en": "Dataset"
                    }
                }
            ], 
            "title": {
                "en": "Data Reader Interface and DataSets"
            }
        }, 
        {
            "link": {
                "zh": "layers.rst"
            }, 
            "title": {
                "zh": "layers"
            }
        }, 
        {
            "link": {
                "zh": "data_feeder.rst"
            }, 
            "title": {
                "zh": "data_feeder"
            }
        }, 
        {
            "link": {
                "zh": "executor.rst"
            }, 
            "title": {
                "zh": "executor"
            }
        }, 
        {
            "link": {
                "zh": "initializer.rst"
            }, 
            "title": {
                "zh": "initializer"
            }
        }, 
        {
            "link": {
                "zh": "metrics.rst"
            }, 
            "title": {
                "zh": "metrics"
            }
        }, 
        {
            "link": {
                "zh": "nets.rst"
            }, 
            "title": {
                "zh": "nets"
            }
        }, 
        {
            "link": {
                "zh": "clip.rst"
            }, 
            "title": {
                "zh": "clip"
            }
        }, 
        {
            "link": {
                "zh": "optimizer.rst"
            }, 
            "title": {
                "zh": "optimizer"
            }
        }, 
        {
            "link": {
                "zh": "param_attr.rst"
            }, 
            "title": {
                "zh": "param_attr"
            }
        }, 
        {
            "link": {
                "zh": "profiler.rst"
            }, 
            "title": {
                "zh": "profiler"
            }
        }, 
        {
            "link": {
                "zh": "regularizer.rst"
            }, 
            "title": {
                "zh": "regularizer"
            }
        }, 
        {
            "link": {
                "zh": "io.rst"
            }, 
            "title": {
                "zh": "io"
            }
        }, 
        {
            "sections": [
                {
                    "link": {
                        "zh": "data/data_reader.rst"
                    }, 
                    "title": {
                        "zh": "Data Reader Interface"
                    }
                }, 
                {
                    "link": {
                        "zh": "data/image.rst"
                    }, 
                    "title": {
                        "zh": "Image Interface"
                    }
                }, 
                {
                    "link": {
                        "zh": "data/dataset.rst"
                    }, 
                    "title": {
                        "zh": "Dataset"
                    }
                }
            ], 
            "title": {
                "zh": "Data Reader Interface and DataSets"
            }
        }
    ]
}